id,name,email,gender,status
5859501,Kalinda Prajapat,kalinda_prajapat@mcclure.example,male,inactive
5859502,Bhargavi Dwivedi,dwivedi_bhargavi@stroman.test,female,active
5859503,Bhadran Desai,desai_bhadran@harvey.test,female,active
5859504,Gandharva Shah,shah_gandharva@hettinger.test,male,active
5859507,Suresh Kaur,kaur_suresh@becker.example,male,active
5859508,Ojaswini Saini JD,jd_ojaswini_saini@oconner.test,female,active
5859509,Prof. Anish Jha,anish_prof_jha@bernier.test,female,active
5859510,Lila Nair,nair_lila@douglas.example,male,active
5859511,Saraswati Namboothiri,namboothiri_saraswati@fisher.example,female,inactive
5859513,Brahmaanand Pothuvaal,pothuvaal_brahmaanand@zboncak-king.test,female,active